{"specifically": 0.07094594594594594, "more": 0.4783783783783784, "accurately": 0.03513513513513514, "efficiently": 0.09527027027027027, "also": 0.16216216216216217, "convincingly": 0.008783783783783784, "likely": 0.0006756756756756757, "significantly": 0.1966216216216216, "further": 0.44391891891891894, "parallelly": 0.0006756756756756757, "as": 0.07972972972972973, "well": 0.17094594594594595, "experimentally": 0.007432432432432433, "sometimes": 0.0013513513513513514, "individually": 0.002027027027027027, "nearly": 0.002702702702702703, "however": 0.1222972972972973, "easily": 0.041891891891891894, "additionally": 0.12905405405405404, "moreover": 0.03986486486486487, "particularly": 0.2222972972972973, "imperceptibly": 0.0006756756756756757, "commonly": 0.012837837837837839, "outcomes": 0.0013513513513513514, "effectively": 0.2777027027027027, "thoroughly": 0.051351351351351354, "not": 0.2885135135135135, "enhance": 0.002702702702702703, "clearly": 0.1222972972972973, "datadriven": 0.0006756756756756757, "carefully": 0.01891891891891892, "technically": 0.031081081081081083, "adversarially": 0.006081081081081081, "better": 0.021621621621621623, "successfully": 0.04391891891891892, "directly": 0.03445945945945946, "prior": 0.008783783783783784, "especially": 0.2905405405405405, "cohesively": 0.0013513513513513514, "theoretically": 0.06486486486486487, "systematically": 0.01891891891891892, "methodologically": 0.011486486486486487, "only": 0.04256756756756757, "comparably": 0.002027027027027027, "potentially": 0.12972972972972974, "even": 0.06554054054054054, "maximally": 0.0006756756756756757, "structurally": 0.002702702702702703, "rigorously": 0.024324324324324326, "logically": 0.0222972972972973, "appropriately": 0.006081081081081081, "memoryonly": 0.0006756756756756757, "thoughtfully": 0.002027027027027027, "yet": 0.010135135135135136, "competitively": 0.0033783783783783786, "anytime": 0.0006756756756756757, "collectively": 0.015540540540540541, "highly": 0.062162162162162166, "independently": 0.007432432432432433, "empirically": 0.037162162162162164, "thus": 0.00945945945945946, "relatively": 0.00945945945945946, "provably": 0.004054054054054054, "explicitly": 0.03581081081081081, "then": 0.013513513513513514, "algorithms": 0.008108108108108109, "forward": 0.008108108108108109, "locally": 0.006756756756756757, "faster": 0.011486486486486487, "extensively": 0.05, "uneven": 0.0006756756756756757, "instead": 0.012837837837837839, "often": 0.008108108108108109, "apart": 0.011486486486486487, "less": 0.03918918918918919, "newly": 0.006081081081081081, "fully": 0.07567567567567568, "mainly": 0.043243243243243246, "channelwise": 0.0006756756756756757, "substantially": 0.006756756756756757, "swiftly": 0.0006756756756756757, "randomly": 0.006756756756756757, "multidomain": 0.0006756756756756757, "consistently": 0.016216216216216217, "meticulously": 0.010810810810810811, "publicly": 0.006756756756756757, "effectiveness": 0.014864864864864866, "heavily": 0.05540540540540541, "rely": 0.004054054054054054, "iteratively": 0.00472972972972973, "jointly": 0.016216216216216217, "adaptively": 0.010810810810810811, "most": 0.013513513513513514, "dynamically": 0.020945945945945947, "provide": 0.015540540540540541, "softly": 0.0006756756756756757, "formally": 0.0006756756756756757, "encoder": 0.0006756756756756757, "solely": 0.00945945945945946, "adequately": 0.007432432432432433, "quickly": 0.006756756756756757, "along": 0.006081081081081081, "favorably": 0.002027027027027027, "universally": 0.0013513513513513514, "noise": 0.002702702702702703, "partially": 0.012162162162162163, "regardless": 0.0013513513513513514, "naturally": 0.004054054054054054, "namely": 0.008783783783783784, "properly": 0.002027027027027027, "comparatively": 0.0013513513513513514, "firstly": 0.008783783783783784, "elegantly": 0.0006756756756756757, "reward": 0.0006756756756756757, "previously": 0.011486486486486487, "computationally": 0.024324324324324326, "globally": 0.0033783783783783786, "before": 0.0013513513513513514, "seamlessly": 0.004054054054054054, "arbitrarily": 0.0013513513513513514, "proven": 0.0006756756756756757, "mixed": 0.0006756756756756757, "far": 0.002027027027027027, "physically": 0.0013513513513513514, "noncovalently": 0.0006756756756756757, "separately": 0.006081081081081081, "deep": 0.00472972972972973, "finally": 0.002027027027027027, "fast": 0.005405405405405406, "scientifically": 0.007432432432432433, "close": 0.0033783783783783786, "analytically": 0.0006756756756756757, "methodically": 0.0033783783783783786, "automatically": 0.013513513513513514, "approximately": 0.002027027027027027, "first": 0.002702702702702703, "sequentially": 0.002027027027027027, "rather": 0.01891891891891892, "distributionally": 0.004054054054054054, "counterintuitively": 0.0006756756756756757, "necessarily": 0.002027027027027027, "simultaneously": 0.010810810810810811, "typically": 0.0033783783783783786, "frequently": 0.002702702702702703, "highlight": 0.002027027027027027, "very": 0.011486486486486487, "intrasphere": 0.0006756756756756757, "rotationally": 0.0013513513513513514, "runtime": 0.0006756756756756757, "articulately": 0.0013513513513513514, "thereby": 0.008108108108108109, "selectively": 0.004054054054054054, "incrementally": 0.0006756756756756757, "solver": 0.0006756756756756757, "artificially": 0.002027027027027027, "linearly": 0.00472972972972973, "actively": 0.0033783783783783786, "implicitly": 0.006081081081081081, "conceptually": 0.0033783783783783786, "nonindependently": 0.0006756756756756757, "identically": 0.0006756756756756757, "historically": 0.0006756756756756757, "inherently": 0.002702702702702703, "al": 0.0006756756756756757, "mechanisms": 0.0006756756756756757, "heterophily": 0.002702702702702703, "notably": 0.008108108108108109, "lastly": 0.0006756756756756757, "biologically": 0.00472972972972973, "abruptly": 0.0006756756756756757, "extremely": 0.01756756756756757, "exactly": 0.0033783783783783786, "truth": 0.0006756756756756757, "negatively": 0.0006756756756756757, "greatly": 0.002702702702702703, "thorough": 0.0006756756756756757, "type": 0.0006756756756756757, "stateoftheart": 0.002702702702702703, "visually": 0.004054054054054054, "repeatedly": 0.0033783783783783786, "continually": 0.0006756756756756757, "realistically": 0.0006756756756756757, "away": 0.002702702702702703, "hence": 0.0013513513513513514, "back": 0.00472972972972973, "entirely": 0.004054054054054054, "strategically": 0.0013513513513513514, "strongly": 0.00472972972972973, "late": 0.0006756756756756757, "just": 0.002702702702702703, "respectively": 0.004054054054054054, "equally": 0.002027027027027027, "irregularly": 0.0006756756756756757, "alone": 0.002027027027027027, "exponentially": 0.00472972972972973, "widely": 0.004054054054054054, "long": 0.0013513513513513514, "texts": 0.0006756756756756757, "quantitatively": 0.0013513513513513514, "reliably": 0.002702702702702703, "manually": 0.002027027027027027, "practically": 0.01418918918918919, "add": 0.0006756756756756757, "homophily": 0.0013513513513513514, "mostly": 0.002702702702702703, "furthermore": 0.002027027027027027, "statistically": 0.002027027027027027, "feedforward": 0.0006756756756756757, "primarily": 0.14054054054054055, "possibly": 0.00945945945945946, "slightly": 0.0033783783783783786, "mutually": 0.0006756756756756757, "progressively": 0.002702702702702703, "procedurally": 0.002027027027027027, "comprehensively": 0.014864864864864866, "mathematically": 0.005405405405405406, "sparsely": 0.0013513513513513514, "ultimately": 0.0033783783783783786, "unconsciously": 0.0006756756756756757, "rapidly": 0.0033783783783783786, "increasingly": 0.00472972972972973, "flexibly": 0.002027027027027027, "generally": 0.0013513513513513514, "doubly": 0.0013513513513513514, "decay": 0.0006756756756756757, "smoothly": 0.0006756756756756757, "statically": 0.0006756756756756757, "twice": 0.0006756756756756757, "behavior": 0.002027027027027027,